{
    "$schema": "https://schema.management.azure.com/schemas/2015-01-01/deploymentParameters.json#",
    "contentVersion": "1.0.0.0",
    "parameters": {
        "factoryName": {
            "value": "ADFTesting2024"
        },
        "AzureDataLakeStorage1_accountKey": {
            "value": ""
        },
        "AzureDataLakeStorage2Sink_accountKey": {
            "value": ""
        },
        "AzureDatabricks1_accessToken": {
            "value": ""
        },
        "SqlServer1att_connectionString": {
            "value": "Integrated Security=True;Data Source=RUTHVIK;Initial Catalog=atandt"
        },
        "SqlServer1att_password": {
            "value": ""
        },
        "AzureBlobStorage1csv_connectionString": {
            "value": ""
        },
        "AzureDataLakeStorage1_properties_typeProperties_url": {
            "value": "https://storageadlsden2.dfs.core.windows.net/"
        },
        "AzureDataLakeStorage2Sink_properties_typeProperties_url": {
            "value": "https://storageadlsden2.dfs.core.windows.net/"
        },
        "HttpServer1_properties_typeProperties_url": {
            "value": "https://raw.githubusercontent.com/darshilparmar/tokyo-olympic-azure-data-engineering-project/main/data/Athletes.csv"
        },
        "HttpServer3_properties_typeProperties_url": {
            "value": "https://raw.githubusercontent.com/darshilparmar/tokyo-olympic-azure-data-engineering-project/main/data/EntriesGender.csv"
        },
        "HttpServer5_properties_typeProperties_url": {
            "value": "https://raw.githubusercontent.com/darshilparmar/tokyo-olympic-azure-data-engineering-project/main/data/Teams.csv"
        },
        "HttpServer2_properties_typeProperties_url": {
            "value": "https://raw.githubusercontent.com/darshilparmar/tokyo-olympic-azure-data-engineering-project/main/data/Coaches.csv"
        },
        "HttpServer4_properties_typeProperties_url": {
            "value": "https://raw.githubusercontent.com/darshilparmar/tokyo-olympic-azure-data-engineering-project/main/data/Medals.csv"
        },
        "SqlServer1att_properties_typeProperties_userName": {
            "value": "Ruthvik"
        },
        "containerUri": {
            "value": ""
        },
        "containerSasToken": {
            "value": ""
        }
    }
}