{
    "$schema": "http://schema.management.azure.com/schemas/2015-01-01/deploymentTemplate.json#",
    "contentVersion": "1.0.0.0",
    "parameters": {
        "factoryName": {
            "type": "string",
            "metadata": "Data Factory name",
            "defaultValue": "ADFTesting2024"
        },
        "AzureDataLakeStorage1_accountKey": {
            "type": "secureString",
            "metadata": "Secure string for 'accountKey' of 'AzureDataLakeStorage1'"
        },
        "AzureDataLakeStorage2Sink_accountKey": {
            "type": "secureString",
            "metadata": "Secure string for 'accountKey' of 'AzureDataLakeStorage2Sink'"
        },
        "AzureDatabricks1_accessToken": {
            "type": "secureString",
            "metadata": "Secure string for 'accessToken' of 'AzureDatabricks1'"
        },
        "SqlServer1att_connectionString": {
            "type": "secureString",
            "metadata": "Secure string for 'connectionString' of 'SqlServer1att'",
            "defaultValue": "Integrated Security=True;Data Source=RUTHVIK;Initial Catalog=atandt"
        },
        "SqlServer1att_password": {
            "type": "secureString",
            "metadata": "Secure string for 'password' of 'SqlServer1att'"
        },
        "AzureBlobStorage1csv_connectionString": {
            "type": "secureString",
            "metadata": "Secure string for 'connectionString' of 'AzureBlobStorage1csv'"
        },
        "AzureDataLakeStorage1_properties_typeProperties_url": {
            "type": "string",
            "defaultValue": "https://storageadlsden2.dfs.core.windows.net/"
        },
        "AzureDataLakeStorage2Sink_properties_typeProperties_url": {
            "type": "string",
            "defaultValue": "https://storageadlsden2.dfs.core.windows.net/"
        },
        "HttpServer1_properties_typeProperties_url": {
            "type": "string",
            "defaultValue": "https://raw.githubusercontent.com/darshilparmar/tokyo-olympic-azure-data-engineering-project/main/data/Athletes.csv"
        },
        "HttpServer3_properties_typeProperties_url": {
            "type": "string",
            "defaultValue": "https://raw.githubusercontent.com/darshilparmar/tokyo-olympic-azure-data-engineering-project/main/data/EntriesGender.csv"
        },
        "HttpServer5_properties_typeProperties_url": {
            "type": "string",
            "defaultValue": "https://raw.githubusercontent.com/darshilparmar/tokyo-olympic-azure-data-engineering-project/main/data/Teams.csv"
        },
        "HttpServer2_properties_typeProperties_url": {
            "type": "string",
            "defaultValue": "https://raw.githubusercontent.com/darshilparmar/tokyo-olympic-azure-data-engineering-project/main/data/Coaches.csv"
        },
        "HttpServer4_properties_typeProperties_url": {
            "type": "string",
            "defaultValue": "https://raw.githubusercontent.com/darshilparmar/tokyo-olympic-azure-data-engineering-project/main/data/Medals.csv"
        },
        "SqlServer1att_properties_typeProperties_userName": {
            "type": "string",
            "defaultValue": "Ruthvik"
        },
        "containerUri": {
            "type": "string",
            "metadata": "URI to storage account containing linked ARM templates"
        },
        "containerSasToken": {
            "type": "string",
            "metadata": "Sas token to storage account containing linked ARM templates"
        }
    },
    "variables": {
        "factoryId": "[concat('Microsoft.DataFactory/factories/', parameters('factoryName'))]"
    },
    "resources": [
        {
            "name": "ADFTesting2024_ArmTemplate_0",
            "type": "Microsoft.Resources/deployments",
            "apiVersion": "2018-02-01",
            "properties": {
                "mode": "incremental",
                "templateLink": {
                    "uri": "[concat(parameters('containerUri'), '/ArmTemplate_0.json', parameters('containerSasToken'))]",
                    "contentVersion": "1.0.0.0"
                },
                "parameters": {
                    "factoryName": {
                        "value": "[parameters('factoryName')]"
                    },
                    "AzureDataLakeStorage1_accountKey": {
                        "value": "[parameters('AzureDataLakeStorage1_accountKey')]"
                    },
                    "AzureDataLakeStorage2Sink_accountKey": {
                        "value": "[parameters('AzureDataLakeStorage2Sink_accountKey')]"
                    },
                    "AzureDatabricks1_accessToken": {
                        "value": "[parameters('AzureDatabricks1_accessToken')]"
                    },
                    "AzureBlobStorage1csv_connectionString": {
                        "value": "[parameters('AzureBlobStorage1csv_connectionString')]"
                    },
                    "SqlServer1att_connectionString": {
                        "value": "[parameters('SqlServer1att_connectionString')]"
                    },
                    "SqlServer1att_password": {
                        "value": "[parameters('SqlServer1att_password')]"
                    },
                    "AzureDataLakeStorage1_properties_typeProperties_url": {
                        "value": "[parameters('AzureDataLakeStorage1_properties_typeProperties_url')]"
                    },
                    "AzureDataLakeStorage2Sink_properties_typeProperties_url": {
                        "value": "[parameters('AzureDataLakeStorage2Sink_properties_typeProperties_url')]"
                    },
                    "HttpServer1_properties_typeProperties_url": {
                        "value": "[parameters('HttpServer1_properties_typeProperties_url')]"
                    },
                    "HttpServer3_properties_typeProperties_url": {
                        "value": "[parameters('HttpServer3_properties_typeProperties_url')]"
                    },
                    "HttpServer5_properties_typeProperties_url": {
                        "value": "[parameters('HttpServer5_properties_typeProperties_url')]"
                    },
                    "HttpServer2_properties_typeProperties_url": {
                        "value": "[parameters('HttpServer2_properties_typeProperties_url')]"
                    },
                    "HttpServer4_properties_typeProperties_url": {
                        "value": "[parameters('HttpServer4_properties_typeProperties_url')]"
                    },
                    "SqlServer1att_properties_typeProperties_userName": {
                        "value": "[parameters('SqlServer1att_properties_typeProperties_userName')]"
                    }
                }
            },
            "dependsOn": []
        },
        {
            "name": "ADFTesting2024_ArmTemplate_1",
            "type": "Microsoft.Resources/deployments",
            "apiVersion": "2018-02-01",
            "properties": {
                "mode": "incremental",
                "templateLink": {
                    "uri": "[concat(parameters('containerUri'), '/ArmTemplate_1.json', parameters('containerSasToken'))]",
                    "contentVersion": "1.0.0.0"
                },
                "parameters": {
                    "factoryName": {
                        "value": "[parameters('factoryName')]"
                    }
                }
            },
            "dependsOn": [
                "[resourceId('Microsoft.Resources/deployments', 'ADFTesting2024_ArmTemplate_0')]"
            ]
        }
    ]
}